year,ogółem
year,total
2010,
2011,
2012,
2013,0.000005
2014,0.000005
2015,0.000005
2016,0.000008
2017,0.000021
2018,0.000006
2019,0.000004
2020,0.000004